ID,class
1,Forest
2,Forest
3,Forest
4,Forest
5,Forest
6,Farm
7,Forest
8,Forest
9,Forest
10,Forest
11,Forest
12,Forest
13,Forest
14,Forest
15,Forest
16,Forest
17,Forest
18,Forest
19,Forest
20,Forest
21,Forest
22,Forest
23,Forest
24,Water
25,Water
26,Water
27,Farm
28,Forest
29,Water
30,Water
31,Water
32,Forest
33,Water
34,Forest
35,Impervious
36,Farm
37,Water
38,Water
39,Water
40,Impervious
41,Impervious
42,Water
43,Water
44,Impervious
45,Water
46,Forest
47,Impervious
48,Impervious
49,Water
50,Water
51,Impervious
52,Water
53,Impervious
54,Water
55,Water
56,Impervious
57,Impervious
58,Water
59,Impervious
60,Impervious
61,Water
62,Forest
63,Impervious
64,Water
65,Water
66,Farm
67,Impervious
68,Water
69,Water
70,Farm
71,Impervious
72,Forest
73,Impervious
74,Water
75,Water
76,Farm
77,Impervious
78,Forest
79,Forest
80,Water
81,Impervious
82,Water
83,Impervious
84,Water
85,Water
86,Water
87,Water
88,Impervious
89,Water
90,Impervious
91,Water
92,Water
93,Water
94,Impervious
95,Farm
96,Water
97,Water
98,Farm
99,Impervious
100,Water
101,Forest
102,Impervious
103,Impervious
104,Impervious
105,Water
106,Impervious
107,Water
108,Impervious
109,Water
110,Impervious
111,Impervious
112,Impervious
113,Farm
114,Water
115,Impervious
116,Impervious
117,Water
118,Water
119,Water
120,Forest
121,Forest
122,Water
123,Water
124,Forest
125,Grass
126,Impervious
127,Grass
128,Impervious
129,Forest
130,Forest
131,Impervious
132,Forest
133,Forest
134,Forest
135,Forest
136,Grass
137,Forest
138,Forest
139,Grass
140,Impervious
141,Farm
142,Grass
143,Farm
144,Grass
145,Forest
146,Forest
147,Forest
148,Forest
149,Forest
150,Forest
151,Forest
152,Grass
153,Forest
154,Farm
155,Farm
156,Impervious
157,Impervious
158,Forest
159,Impervious
160,Forest
161,Forest
162,Forest
163,Grass
164,Forest
165,Grass
166,Forest
167,Forest
168,Forest
169,Forest
170,Forest
171,Forest
172,Impervious
173,Forest
174,Farm
175,Forest
176,Forest
177,Grass
178,Forest
179,Farm
180,Forest
181,Grass
182,Forest
183,Farm
184,Impervious
185,Impervious
186,Forest
187,Impervious
188,Forest
189,Forest
190,Grass
191,Forest
192,Forest
193,Forest
194,Forest
195,Farm
196,Farm
197,Forest
198,Forest
199,Forest
200,Grass
201,Forest
202,Grass
203,Forest
204,Forest
205,Forest
206,Impervious
207,Forest
208,Farm
209,Farm
210,Forest
211,Impervious
212,Grass
213,Impervious
214,Forest
215,Forest
216,Grass
217,Impervious
218,Forest
219,Forest
220,Grass
221,Forest
222,Forest
223,Forest
224,Forest
225,Forest
226,Grass
227,Farm
228,Forest
229,Farm
230,Forest
231,Grass
232,Forest
233,Forest
234,Farm
235,Forest
236,Grass
237,Forest
238,Forest
239,Forest
240,Farm
241,Forest
242,Forest
243,Impervious
244,Grass
245,Forest
246,Forest
247,Grass
248,Forest
249,Forest
250,Grass
251,Forest
252,Forest
253,Forest
254,Forest
255,Impervious
256,Impervious
257,Farm
258,Farm
259,Grass
260,Grass
261,Forest
262,Grass
263,Forest
264,Forest
265,Farm
266,Grass
267,Grass
268,Forest
269,Farm
270,Forest
271,Forest
272,Impervious
273,Grass
274,Farm
275,Farm
276,Impervious
277,Forest
278,Forest
279,Forest
280,Farm
281,Forest
282,Forest
283,Forest
284,Forest
285,Farm
286,Forest
287,Forest
288,Farm
289,Impervious
290,Grass
291,Grass
292,Grass
293,Forest
294,Forest
295,Farm
296,Impervious
297,Forest
298,Forest
299,Forest
300,Forest
301,Forest
302,Impervious
303,Forest
304,Forest
305,Forest
306,Forest
307,Forest
308,Grass
309,Impervious
310,Farm
311,Forest
312,Forest
313,Farm
314,Grass
315,Forest
316,Forest
317,Forest
318,Impervious
319,Forest
320,Farm
321,Grass
322,Forest
323,Farm
324,Impervious
325,Farm
326,Grass
327,Farm
328,Grass
329,Forest
330,Forest
331,Forest
332,Impervious
333,Forest
334,Grass
335,Impervious
336,Forest
337,Forest
338,Farm
339,Forest
340,Grass
341,Forest
342,Forest
343,Forest
344,Forest
345,Forest
346,Forest
347,Forest
348,Forest
349,Impervious
350,Forest
351,Forest
352,Forest
353,Farm
354,Forest
355,Forest
356,Forest
357,Forest
358,Grass
359,Grass
360,Impervious
361,Farm
362,Forest
363,Farm
364,Forest
365,Forest
366,Forest
367,Grass
368,Forest
369,Forest
370,Forest
371,Farm
372,Forest
373,Forest
374,Impervious
375,Impervious
376,Impervious
377,Impervious
378,Impervious
379,Impervious
380,Impervious
381,Forest
382,Impervious
383,Impervious
384,Impervious
385,Impervious
386,Impervious
387,Impervious
388,Impervious
389,Impervious
390,Impervious
391,Impervious
392,Impervious
393,Impervious
394,Impervious
395,Impervious
396,Impervious
397,Impervious
398,Forest
399,Impervious
400,Farm
401,Impervious
402,Impervious
403,Impervious
404,Impervious
405,Farm
406,Impervious
407,Impervious
408,Impervious
409,Impervious
410,Forest
411,Impervious
412,Impervious
413,Impervious
414,Impervious
415,Impervious
416,Impervious
417,Impervious
418,Forest
419,Impervious
420,Impervious
421,Impervious
422,Impervious
423,Forest
424,Impervious
425,Farm
426,Impervious
427,Farm
428,Impervious
429,Impervious
430,Impervious
431,Forest
432,Impervious
433,Impervious
434,Impervious
435,Impervious
436,Impervious
437,Impervious
438,Impervious
439,Forest
440,Impervious
441,Impervious
442,Impervious
443,Impervious
444,Forest
445,Impervious
446,Impervious
447,Impervious
448,Forest
449,Impervious
450,Farm
451,Impervious
452,Forest
453,Impervious
454,Impervious
455,Grass
456,Impervious
457,Impervious
458,Impervious
459,Impervious
460,Impervious
461,Impervious
462,Impervious
463,Forest
464,Impervious
465,Impervious
466,Impervious
467,Impervious
468,Impervious
469,Impervious
470,Impervious
471,Impervious
472,Impervious
473,Impervious
474,Impervious
475,Forest
476,Impervious
477,Forest
478,Impervious
479,Impervious
480,Forest
481,Impervious
482,Impervious
483,Farm
484,Farm
485,Impervious
486,Impervious
487,Impervious
488,Impervious
489,Impervious
490,Forest
491,Impervious
492,Impervious
493,Impervious
494,Impervious
495,Impervious
496,Impervious
497,Impervious
498,Impervious
499,Farm
500,Impervious
501,Impervious
502,Impervious
503,Forest
504,Impervious
505,Impervious
506,Forest
507,Forest
508,Impervious
509,Impervious
510,Impervious
511,Impervious
512,Impervious
513,Impervious
514,Forest
515,Impervious
516,Impervious
517,Impervious
518,Impervious
519,Impervious
520,Impervious
521,Impervious
522,Impervious
523,Impervious
524,Impervious
525,Impervious
526,Impervious
527,Impervious
528,Impervious
529,Impervious
530,Impervious
531,Impervious
532,Impervious
533,Forest
534,Impervious
535,Impervious
536,Impervious
537,Farm
538,Impervious
539,Impervious
540,Impervious
541,Impervious
542,Impervious
543,Impervious
544,Impervious
545,Impervious
546,Impervious
547,Impervious
548,Impervious
549,Impervious
550,Impervious
551,Impervious
552,Impervious
553,Forest
554,Impervious
555,Impervious
556,Impervious
557,Impervious
558,Forest
559,Impervious
560,Impervious
561,Impervious
562,Impervious
563,Impervious
564,Impervious
565,Impervious
566,Impervious
567,Impervious
568,Impervious
569,Impervious
570,Impervious
571,Forest
572,Impervious
573,Impervious
574,Impervious
575,Impervious
576,Impervious
577,Impervious
578,Impervious
579,Impervious
580,Impervious
581,Impervious
582,Farm
583,Impervious
584,Impervious
585,Impervious
586,Impervious
587,Impervious
588,Impervious
589,Impervious
590,Impervious
591,Forest
592,Impervious
593,Impervious
594,Impervious
595,Impervious
596,Impervious
597,Impervious
598,Impervious
599,Impervious
600,Farm
601,Impervious
602,Impervious
603,Impervious
604,Impervious
605,Impervious
606,Impervious
607,Impervious
608,Farm
609,Impervious
610,Impervious
611,Impervious
612,Impervious
613,Impervious
614,Impervious
615,Impervious
616,Impervious
617,Impervious
618,Impervious
619,Impervious
620,Impervious
621,Impervious
622,Impervious
623,Impervious
624,Forest
625,Impervious
626,Farm
627,Impervious
628,Impervious
629,Impervious
630,Impervious
631,Impervious
632,Impervious
633,Impervious
634,Farm
635,Impervious
636,Farm
637,Forest
638,Impervious
639,Impervious
640,Impervious
641,Farm
642,Impervious
643,Forest
644,Impervious
645,Forest
646,Impervious
647,Impervious
648,Impervious
649,Impervious
650,Impervious
651,Impervious
652,Forest
653,Impervious
654,Forest
655,Forest
656,Impervious
657,Impervious
658,Impervious
659,Impervious
660,Forest
661,Impervious
662,Forest
663,Impervious
664,Impervious
665,Impervious
666,Impervious
667,Impervious
668,Impervious
669,Forest
670,Impervious
671,Impervious
672,Impervious
673,Impervious
674,Farm
675,Impervious
676,Farm
677,Impervious
678,Forest
679,Forest
680,Farm
681,Forest
682,Forest
683,Forest
684,Farm
685,Impervious
686,Farm
687,Farm
688,Forest
689,Farm
690,Forest
691,Impervious
692,Forest
693,Forest
694,Forest
695,Farm
696,Impervious
697,Forest
698,Farm
699,Forest
700,Farm
701,Forest
702,Forest
703,Forest
704,Forest
705,Farm
706,Forest
707,Forest
708,Farm
709,Forest
710,Forest
711,Farm
712,Forest
713,Farm
714,Forest
715,Forest
716,Forest
717,Farm
718,Forest
719,Forest
720,Farm
721,Forest
722,Forest
723,Forest
724,Farm
725,Forest
726,Farm
727,Forest
728,Forest
729,Forest
730,Forest
731,Farm
732,Forest
733,Farm
734,Forest
735,Forest
736,Forest
737,Forest
738,Impervious
739,Forest
740,Forest
741,Forest
742,Forest
743,Forest
744,Farm
745,Forest
746,Forest
747,Forest
748,Forest
749,Forest
750,Farm
751,Forest
752,Impervious
753,Impervious
754,Forest
755,Forest
756,Forest
757,Forest
758,Forest
759,Forest
760,Farm
761,Forest
762,Forest
763,Farm
764,Farm
765,Forest
766,Forest
767,Farm
768,Forest
769,Forest
770,Forest
771,Forest
772,Farm
773,Forest
774,Forest
775,Forest
776,Forest
777,Farm
778,Farm
779,Forest
780,Forest
781,Forest
782,Farm
783,Forest
784,Forest
785,Forest
786,Forest
787,Forest
788,Forest
789,Impervious
790,Farm
791,Forest
792,Forest
793,Farm
794,Forest
795,Forest
796,Forest
797,Forest
798,Forest
799,Forest
800,Impervious
801,Forest
802,Forest
803,Forest
804,Forest
805,Forest
806,Forest
807,Forest
808,Forest
809,Farm
810,Forest
811,Farm
812,Farm
813,Forest
814,Forest
815,Forest
816,Forest
817,Farm
818,Forest
819,Impervious
820,Forest
821,Forest
822,Forest
823,Forest
824,Farm
825,Farm
826,Forest
827,Forest
828,Farm
829,Forest
830,Farm
831,Forest
832,Forest
833,Forest
834,Impervious
835,Forest
836,Forest
837,Forest
838,Farm
839,Forest
840,Forest
841,Forest
842,Farm
843,Impervious
844,Farm
845,Forest
846,Forest
847,Forest
848,Forest
849,Farm
850,Forest
851,Forest
852,Impervious
853,Forest
854,Forest
855,Farm
856,Forest
857,Forest
858,Farm
859,Forest
860,Forest
861,Farm
862,Forest
863,Forest
864,Forest
865,Farm
866,Farm
867,Farm
868,Forest
869,Farm
870,Forest
871,Forest
872,Farm
873,Forest
874,Forest
875,Farm
876,Forest
877,Farm
878,Farm
879,Forest
880,Farm
881,Forest
882,Farm
883,Farm
884,Forest
885,Farm
886,Forest
887,Forest
888,Forest
889,Farm
890,Farm
891,Forest
892,Forest
893,Forest
894,Forest
895,Farm
896,Forest
897,Forest
898,Forest
899,Farm
900,Forest
901,Forest
902,Farm
903,Forest
904,Farm
905,Forest
906,Farm
907,Impervious
908,Forest
909,Farm
910,Farm
911,Farm
912,Forest
913,Forest
914,Farm
915,Forest
916,Forest
917,Forest
918,Forest
919,Forest
920,Farm
921,Farm
922,Forest
923,Forest
924,Forest
925,Farm
926,Farm
927,Forest
928,Farm
929,Forest
930,Farm
931,Forest
932,Farm
933,Farm
934,Farm
935,Farm
936,Forest
937,Forest
938,Farm
939,Farm
940,Forest
941,Forest
942,Forest
943,Forest
944,Forest
945,Farm
946,Forest
947,Forest
948,Forest
949,Forest
950,Forest
951,Farm
952,Forest
953,Farm
954,Forest
955,Forest
956,Forest
957,Forest
958,Farm
959,Forest
960,Farm
961,Farm
962,Impervious
963,Forest
964,Farm
965,Farm
966,Forest
967,Farm
968,Forest
969,Forest
970,Farm
971,Forest
972,Forest
973,Forest
974,Farm
975,Forest
976,Impervious
977,Impervious
978,Forest
979,Forest
980,Forest
981,Farm
982,Forest
983,Forest
984,Farm
985,Forest
986,Forest
987,Forest
988,Forest
989,Forest
990,Forest
991,Forest
992,Forest
993,Forest
994,Farm
995,Farm
996,Forest
997,Farm
998,Forest
999,Impervious
1000,Forest
1001,Forest
1002,Forest
1003,Forest
1004,Farm
1005,Forest
1006,Impervious
1007,Forest
1008,Forest
1009,Forest
1010,Forest
1011,Forest
1012,Farm
1013,Impervious
1014,Forest
1015,Impervious
1016,Impervious
1017,Forest
1018,Forest
1019,Forest
1020,Forest
1021,Farm
1022,Forest
1023,Forest
1024,Forest
1025,Farm
1026,Forest
1027,Forest
1028,Forest
1029,Farm
1030,Forest
1031,Forest
1032,Farm
1033,Forest
1034,Farm
1035,Farm
1036,Forest
1037,Forest
1038,Forest
1039,Forest
1040,Farm
1041,Impervious
1042,Farm
1043,Forest
1044,Impervious
1045,Forest
1046,Farm
1047,Farm
1048,Farm
1049,Forest
1050,Farm
1051,Farm
1052,Forest
1053,Forest
1054,Farm
1055,Forest
1056,Forest
1057,Impervious
1058,Farm
1059,Grass
1060,Farm
1061,Forest
1062,Forest
1063,Forest
1064,Forest
1065,Forest
1066,Impervious
1067,Farm
1068,Farm
1069,Forest
1070,Forest
1071,Farm
1072,Farm
1073,Farm
1074,Forest
1075,Forest
1076,Impervious
1077,Farm
1078,Forest
1079,Farm
1080,Forest
1081,Farm
1082,Farm
1083,Farm
1084,Farm
1085,Forest
1086,Farm
1087,Farm
1088,Farm
1089,Farm
1090,Forest
1091,Forest
1092,Forest
1093,Farm
1094,Forest
1095,Forest
1096,Farm
1097,Farm
1098,Forest
1099,Forest
1100,Farm
1101,Forest
1102,Forest
1103,Forest
1104,Farm
1105,Water
1106,Forest
1107,Impervious
1108,Forest
1109,Forest
1110,Farm
1111,Forest
1112,Forest
1113,Forest
1114,Farm
1115,Farm
1116,Farm
1117,Forest
1118,Forest
1119,Forest
1120,Forest
1121,Farm
1122,Forest
1123,Impervious
1124,Forest
1125,Forest
1126,Forest
1127,Forest
1128,Forest
1129,Forest
1130,Farm
1131,Forest
1132,Forest
1133,Farm
1134,Forest
1135,Farm
1136,Forest
1137,Impervious
1138,Farm
1139,Forest
1140,Forest
1141,Forest
1142,Farm
1143,Forest
1144,Forest
1145,Forest
1146,Farm
1147,Forest
1148,Forest
1149,Impervious
1150,Forest
1151,Forest
1152,Farm
1153,Forest
1154,Forest
1155,Farm
1156,Forest
1157,Forest
1158,Forest
1159,Farm
1160,Forest
1161,Forest
1162,Farm
1163,Forest
1164,Forest
1165,Forest
1166,Forest
1167,Forest
1168,Forest
1169,Forest
1170,Forest
1171,Forest
1172,Forest
1173,Forest
1174,Farm
1175,Farm
1176,Forest
1177,Farm
1178,Forest
1179,Farm
1180,Farm
1181,Forest
1182,Farm
1183,Forest
1184,Forest
1185,Impervious
1186,Forest
1187,Forest
1188,Forest
1189,Forest
1190,Forest
1191,Forest
1192,Forest
1193,Forest
1194,Forest
1195,Forest
1196,Farm
1197,Impervious
1198,Impervious
1199,Farm
1200,Forest
1201,Farm
1202,Forest
1203,Forest
1204,Forest
1205,Forest
1206,Farm
1207,Forest
1208,Forest
1209,Forest
1210,Farm
1211,Forest
1212,Forest
1213,Forest
1214,Farm
1215,Farm
1216,Forest
1217,Forest
1218,Impervious
1219,Forest
1220,Forest
1221,Forest
1222,Farm
1223,Farm
1224,Farm
1225,Forest
1226,Farm
1227,Forest
1228,Forest
1229,Forest
1230,Farm
1231,Farm
1232,Forest
1233,Forest
1234,Farm
1235,Farm
1236,Forest
1237,Farm
1238,Farm
1239,Forest
1240,Farm
1241,Forest
1242,Forest
1243,Farm
1244,Impervious
1245,Forest
1246,Forest
1247,Forest
1248,Farm
1249,Forest
1250,Forest
1251,Impervious
1252,Forest
1253,Forest
1254,Forest
1255,Forest
1256,Forest
1257,Forest
1258,Forest
1259,Forest
1260,Farm
1261,Forest
1262,Farm
1263,Forest
1264,Forest
1265,Forest
1266,Forest
1267,Farm
1268,Impervious
1269,Forest
1270,Farm
1271,Farm
1272,Forest
1273,Forest
1274,Forest
1275,Forest
1276,Forest
1277,Forest
1278,Forest
1279,Forest
1280,Forest
1281,Forest
1282,Forest
1283,Forest
1284,Forest
1285,Forest
1286,Forest
1287,Forest
1288,Forest
1289,Forest
1290,Forest
1291,Forest
1292,Forest
1293,Forest
1294,Forest
1295,Forest
1296,Forest
1297,Forest
1298,Forest
1299,Forest
1300,Forest
1301,Forest
1302,Forest
1303,Forest
1304,Impervious
1305,Forest
1306,Forest
1307,Forest
1308,Forest
1309,Forest
1310,Forest
1311,Forest
1312,Forest
1313,Forest
1314,Forest
1315,Forest
1316,Forest
1317,Forest
1318,Forest
1319,Forest
1320,Forest
1321,Forest
1322,Forest
1323,Forest
1324,Forest
1325,Forest
1326,Forest
1327,Forest
1328,Forest
1329,Forest
1330,Forest
1331,Forest
1332,Forest
1333,Forest
1334,Forest
1335,Forest
1336,Forest
1337,Forest
1338,Forest
1339,Forest
1340,Forest
1341,Forest
1342,Forest
1343,Forest
1344,Forest
1345,Forest
1346,Forest
1347,Forest
1348,Forest
1349,Forest
1350,Forest
1351,Forest
1352,Forest
1353,Forest
1354,Forest
1355,Forest
1356,Forest
1357,Forest
1358,Forest
1359,Forest
1360,Forest
1361,Farm
1362,Forest
1363,Forest
1364,Forest
1365,Forest
1366,Forest
1367,Forest
1368,Forest
1369,Forest
1370,Forest
1371,Forest
1372,Forest
1373,Forest
1374,Forest
1375,Forest
1376,Forest
1377,Forest
1378,Forest
1379,Forest
1380,Forest
1381,Forest
1382,Forest
1383,Forest
1384,Forest
1385,Forest
1386,Forest
1387,Forest
1388,Forest
1389,Forest
1390,Forest
1391,Forest
1392,Forest
1393,Forest
1394,Forest
1395,Forest
1396,Forest
1397,Forest
1398,Forest
1399,Forest
1400,Forest
1401,Forest
1402,Forest
1403,Forest
1404,Forest
1405,Forest
1406,Forest
1407,Forest
1408,Forest
1409,Forest
1410,Forest
1411,Forest
1412,Forest
1413,Forest
1414,Forest
1415,Forest
1416,Forest
1417,Forest
1418,Forest
1419,Forest
1420,Forest
1421,Forest
1422,Forest
1423,Forest
1424,Forest
1425,Forest
1426,Forest
1427,Forest
1428,Forest
1429,Forest
1430,Forest
1431,Forest
1432,Forest
1433,Forest
1434,Forest
1435,Forest
1436,Forest
1437,Forest
1438,Forest
1439,Forest
1440,Forest
1441,Forest
1442,Forest
1443,Forest
1444,Forest
1445,Forest
1446,Forest
1447,Forest
1448,Forest
1449,Forest
1450,Forest
1451,Forest
1452,Forest
1453,Forest
1454,Forest
1455,Forest
1456,Forest
1457,Forest
1458,Forest
1459,Forest
1460,Forest
1461,Forest
1462,Forest
1463,Forest
1464,Forest
1465,Forest
1466,Forest
1467,Forest
1468,Forest
1469,Forest
1470,Forest
1471,Forest
1472,Forest
1473,Forest
1474,Forest
1475,Forest
1476,Forest
1477,Forest
1478,Forest
1479,Forest
1480,Forest
1481,Forest
1482,Forest
1483,Forest
1484,Forest
1485,Forest
1486,Forest
1487,Forest
1488,Forest
1489,Forest
1490,Forest
1491,Forest
1492,Forest
1493,Forest
1494,Forest
1495,Forest
1496,Forest
1497,Forest
1498,Forest
1499,Forest
1500,Forest
1501,Forest
1502,Forest
1503,Forest
1504,Forest
1505,Forest
1506,Forest
1507,Forest
1508,Forest
1509,Forest
1510,Forest
1511,Forest
1512,Forest
1513,Forest
1514,Forest
1515,Forest
1516,Forest
1517,Forest
1518,Forest
1519,Forest
1520,Forest
1521,Farm
1522,Forest
1523,Forest
1524,Forest
1525,Forest
1526,Forest
1527,Forest
1528,Forest
1529,Forest
1530,Forest
1531,Forest
1532,Forest
1533,Forest
1534,Forest
1535,Forest
1536,Forest
1537,Forest
1538,Forest
1539,Forest
1540,Forest
1541,Forest
1542,Forest
1543,Farm
1544,Forest
1545,Forest
1546,Forest
1547,Forest
1548,Forest
1549,Farm
1550,Forest
1551,Forest
1552,Forest
1553,Forest
1554,Forest
1555,Forest
1556,Forest
1557,Forest
1558,Forest
1559,Forest
1560,Forest
1561,Forest
1562,Forest
1563,Forest
1564,Forest
1565,Forest
1566,Forest
1567,Forest
1568,Forest
1569,Forest
1570,Forest
1571,Forest
1572,Forest
1573,Forest
1574,Forest
1575,Forest
1576,Forest
1577,Forest
1578,Forest
1579,Forest
1580,Forest
1581,Forest
1582,Forest
1583,Forest
1584,Forest
1585,Forest
1586,Forest
1587,Forest
1588,Forest
1589,Forest
1590,Forest
1591,Forest
1592,Forest
1593,Forest
1594,Forest
1595,Forest
1596,Forest
1597,Forest
1598,Forest
1599,Forest
1600,Forest
1601,Forest
1602,Forest
1603,Forest
1604,Forest
1605,Forest
1606,Forest
1607,Forest
1608,Forest
1609,Forest
1610,Forest
1611,Forest
1612,Forest
1613,Forest
1614,Forest
1615,Forest
1616,Forest
1617,Forest
1618,Forest
1619,Forest
1620,Forest
1621,Forest
1622,Forest
1623,Forest
1624,Forest
1625,Forest
1626,Forest
1627,Forest
1628,Forest
1629,Forest
1630,Forest
1631,Forest
1632,Forest
1633,Forest
1634,Forest
1635,Forest
1636,Forest
1637,Forest
1638,Forest
1639,Forest
1640,Forest
1641,Forest
1642,Forest
1643,Forest
1644,Forest
1645,Forest
1646,Forest
1647,Forest
1648,Forest
1649,Forest
1650,Forest
1651,Forest
1652,Forest
1653,Forest
1654,Forest
1655,Forest
1656,Forest
1657,Forest
1658,Forest
1659,Forest
1660,Forest
1661,Forest
1662,Forest
1663,Forest
1664,Forest
1665,Forest
1666,Forest
1667,Forest
1668,Forest
1669,Forest
1670,Forest
1671,Forest
1672,Forest
1673,Forest
1674,Forest
1675,Forest
1676,Forest
1677,Forest
1678,Forest
1679,Forest
1680,Forest
1681,Forest
1682,Forest
1683,Forest
1684,Forest
1685,Forest
1686,Forest
1687,Forest
1688,Forest
1689,Forest
1690,Forest
1691,Forest
1692,Forest
1693,Forest
1694,Forest
1695,Forest
1696,Forest
1697,Forest
1698,Forest
1699,Forest
1700,Forest
1701,Forest
1702,Forest
1703,Forest
1704,Forest
1705,Forest
1706,Forest
1707,Forest
1708,Forest
1709,Forest
1710,Forest
1711,Forest
1712,Forest
1713,Forest
1714,Forest
1715,Forest
1716,Forest
1717,Forest
1718,Forest
1719,Forest
1720,Forest
1721,Forest
1722,Forest
1723,Farm
1724,Forest
1725,Forest
1726,Forest
1727,Forest
1728,Forest
1729,Forest
1730,Forest
1731,Forest
1732,Forest
1733,Forest
1734,Forest
1735,Farm
1736,Forest
1737,Forest
1738,Forest
1739,Forest
1740,Forest
1741,Forest
1742,Forest
1743,Forest
1744,Forest
1745,Forest
1746,Forest
1747,Forest
1748,Forest
1749,Forest
1750,Forest
1751,Forest
1752,Forest
1753,Forest
1754,Forest
1755,Forest
1756,Forest
1757,Forest
1758,Forest
1759,Forest
1760,Forest
1761,Forest
1762,Forest
1763,Forest
1764,Forest
1765,Forest
1766,Forest
1767,Forest
1768,Forest
1769,Forest
1770,Forest
1771,Forest
1772,Forest
1773,Forest
1774,Forest
1775,Forest
1776,Forest
1777,Forest
1778,Forest
1779,Forest
1780,Forest
1781,Forest
1782,Forest
1783,Forest
1784,Forest
1785,Forest
1786,Forest
1787,Forest
1788,Forest
1789,Forest
1790,Forest
1791,Forest
1792,Forest
1793,Forest
1794,Forest
1795,Forest
1796,Forest
1797,Forest
1798,Forest
1799,Forest
1800,Forest
1801,Forest
1802,Forest
1803,Forest
1804,Forest
1805,Forest
1806,Forest
1807,Forest
1808,Forest
1809,Forest
1810,Forest
1811,Forest
1812,Forest
1813,Forest
1814,Forest
1815,Forest
1816,Forest
1817,Forest
1818,Forest
1819,Forest
1820,Forest
1821,Forest
1822,Forest
1823,Forest
1824,Forest
1825,Forest
1826,Forest
1827,Forest
1828,Forest
1829,Forest
1830,Forest
1831,Forest
1832,Forest
1833,Forest
1834,Forest
1835,Forest
1836,Farm
1837,Forest
1838,Forest
1839,Forest
1840,Forest
1841,Forest
1842,Forest
1843,Forest
1844,Forest
1845,Forest
1846,Forest
1847,Forest
1848,Forest
1849,Forest
1850,Forest
1851,Forest
1852,Forest
1853,Forest
1854,Forest
1855,Forest
1856,Forest
1857,Forest
1858,Forest
1859,Forest
1860,Forest
1861,Forest
1862,Forest
1863,Forest
1864,Forest
1865,Forest
1866,Forest
1867,Forest
1868,Forest
1869,Forest
1870,Forest
1871,Forest
1872,Forest
1873,Forest
1874,Forest
1875,Forest
1876,Forest
1877,Forest
1878,Forest
1879,Forest
1880,Forest
1881,Forest
1882,Forest
1883,Forest
1884,Forest
1885,Forest
1886,Forest
1887,Forest
1888,Forest
1889,Forest
1890,Forest
1891,Forest
1892,Forest
1893,Forest
1894,Forest
1895,Forest
1896,Forest
1897,Forest
1898,Forest
1899,Forest
1900,Forest
1901,Forest
1902,Forest
1903,Forest
1904,Forest
1905,Forest
1906,Forest
1907,Forest
1908,Forest
1909,Forest
1910,Forest
1911,Forest
1912,Forest
1913,Forest
1914,Forest
1915,Forest
1916,Forest
1917,Forest
1918,Forest
1919,Forest
1920,Forest
1921,Forest
1922,Forest
1923,Forest
1924,Forest
1925,Forest
1926,Forest
1927,Forest
1928,Forest
1929,Forest
1930,Forest
1931,Forest
1932,Forest
1933,Forest
1934,Forest
1935,Forest
1936,Forest
1937,Impervious
1938,Forest
1939,Forest
1940,Forest
1941,Forest
1942,Forest
1943,Forest
1944,Forest
1945,Forest
1946,Forest
1947,Forest
1948,Forest
1949,Forest
1950,Forest
1951,Forest
1952,Forest
1953,Forest
1954,Forest
1955,Forest
1956,Forest
1957,Forest
1958,Forest
1959,Forest
1960,Forest
1961,Forest
1962,Forest
1963,Forest
1964,Forest
1965,Forest
1966,Forest
1967,Forest
1968,Forest
1969,Forest
1970,Forest
1971,Forest
1972,Forest
1973,Forest
1974,Forest
1975,Forest
1976,Forest
1977,Forest
1978,Forest
1979,Forest
1980,Forest
1981,Forest
1982,Forest
1983,Forest
1984,Forest
1985,Forest
1986,Forest
1987,Forest
1988,Forest
1989,Forest
1990,Forest
1991,Forest
1992,Forest
1993,Forest
1994,Forest
1995,Forest
1996,Forest
1997,Forest
1998,Forest
1999,Forest
2000,Forest
2001,Forest
2002,Forest
2003,Forest
2004,Forest
2005,Forest
2006,Forest
2007,Forest
2008,Forest
2009,Forest
2010,Forest
2011,Forest
2012,Forest
2013,Forest
2014,Forest
2015,Forest
2016,Forest
2017,Forest
2018,Forest
2019,Forest
2020,Forest
2021,Forest
2022,Forest
2023,Forest
2024,Forest
2025,Forest
2026,Forest
2027,Forest
2028,Forest
2029,Forest
2030,Forest
2031,Forest
2032,Forest
2033,Forest
2034,Forest
2035,Forest
2036,Forest
2037,Forest
2038,Forest
2039,Forest
2040,Forest
2041,Forest
2042,Forest
2043,Forest
2044,Forest
2045,Forest
2046,Forest
2047,Forest
2048,Forest
2049,Forest
2050,Forest
2051,Forest
2052,Forest
2053,Forest
2054,Forest
2055,Forest
2056,Forest
2057,Forest
2058,Forest
2059,Forest
2060,Forest
2061,Farm
2062,Forest
2063,Forest
2064,Forest
2065,Forest
2066,Forest
2067,Forest
2068,Forest
2069,Forest
2070,Forest
2071,Forest
2072,Forest
2073,Forest
2074,Forest
2075,Forest
2076,Forest
2077,Forest
2078,Forest
2079,Forest
2080,Forest
2081,Forest
2082,Farm
2083,Forest
2084,Forest
2085,Forest
2086,Forest
2087,Forest
2088,Forest
2089,Forest
2090,Forest
2091,Forest
2092,Forest
2093,Forest
2094,Forest
2095,Forest
2096,Forest
2097,Forest
2098,Forest
2099,Forest
2100,Forest
2101,Forest
2102,Forest
2103,Forest
2104,Forest
2105,Forest
2106,Forest
2107,Impervious
2108,Forest
2109,Forest
2110,Forest
2111,Forest
2112,Forest
2113,Forest
2114,Forest
2115,Forest
2116,Forest
2117,Forest
2118,Forest
2119,Forest
2120,Forest
2121,Forest
2122,Farm
2123,Forest
2124,Forest
2125,Forest
2126,Forest
2127,Forest
2128,Forest
2129,Forest
2130,Forest
2131,Forest
2132,Forest
2133,Forest
2134,Forest
2135,Forest
2136,Forest
2137,Forest
2138,Forest
2139,Forest
2140,Forest
2141,Forest
2142,Forest
2143,Forest
2144,Forest
2145,Forest
2146,Forest
2147,Forest
2148,Forest
2149,Forest
2150,Forest
2151,Forest
2152,Forest
2153,Forest
2154,Forest
2155,Forest
2156,Forest
2157,Forest
2158,Forest
2159,Forest
2160,Forest
2161,Forest
2162,Forest
2163,Forest
2164,Forest
2165,Forest
2166,Forest
2167,Forest
2168,Forest
2169,Forest
2170,Forest
2171,Forest
2172,Forest
2173,Forest
2174,Forest
2175,Forest
2176,Forest
2177,Forest
2178,Forest
2179,Forest
2180,Forest
2181,Forest
2182,Forest
2183,Forest
2184,Forest
2185,Forest
2186,Forest
2187,Forest
2188,Forest
2189,Forest
2190,Forest
2191,Forest
2192,Forest
2193,Forest
2194,Forest
2195,Forest
2196,Forest
2197,Forest
2198,Forest
2199,Forest
2200,Forest
2201,Forest
2202,Forest
2203,Forest
2204,Forest
2205,Forest
2206,Farm
2207,Forest
2208,Forest
2209,Forest
2210,Forest
2211,Forest
2212,Forest
2213,Forest
2214,Forest
2215,Forest
2216,Forest
2217,Forest
2218,Forest
2219,Forest
2220,Forest
2221,Forest
2222,Forest
2223,Forest
2224,Forest
2225,Forest
2226,Forest
2227,Forest
2228,Forest
2229,Forest
2230,Forest
2231,Forest
2232,Forest
2233,Forest
2234,Forest
2235,Forest
2236,Forest
2237,Forest
2238,Forest
2239,Forest
2240,Forest
2241,Forest
2242,Forest
2243,Forest
2244,Forest
2245,Forest
2246,Forest
2247,Forest
2248,Forest
2249,Forest
2250,Forest
2251,Forest
2252,Forest
2253,Forest
2254,Forest
2255,Forest
2256,Forest
2257,Forest
2258,Forest
2259,Forest
2260,Forest
2261,Forest
2262,Forest
2263,Forest
2264,Forest
2265,Forest
2266,Forest
2267,Forest
2268,Forest
2269,Forest
2270,Forest
2271,Forest
2272,Forest
2273,Impervious
2274,Forest
2275,Forest
2276,Forest
2277,Forest
2278,Forest
2279,Forest
2280,Forest
2281,Forest
2282,Forest
2283,Forest
2284,Forest
2285,Forest
2286,Forest
2287,Forest
2288,Forest
2289,Forest
2290,Forest
2291,Forest
2292,Forest
2293,Forest
2294,Forest
2295,Forest
2296,Forest
2297,Forest
2298,Forest
2299,Forest
2300,Forest
2301,Forest
2302,Forest
2303,Forest
2304,Forest
2305,Forest
2306,Forest
2307,Forest
2308,Forest
2309,Forest
2310,Forest
2311,Forest
2312,Forest
2313,Forest
2314,Forest
2315,Forest
2316,Forest
2317,Forest
2318,Forest
2319,Forest
2320,Forest
2321,Impervious
2322,Forest
2323,Forest
2324,Forest
2325,Forest
2326,Forest
2327,Forest
2328,Forest
2329,Forest
2330,Forest
2331,Forest
2332,Forest
2333,Forest
2334,Forest
2335,Forest
2336,Forest
2337,Forest
2338,Forest
2339,Forest
2340,Forest
2341,Forest
2342,Forest
2343,Forest
2344,Forest
2345,Forest
2346,Farm
2347,Forest
2348,Forest
2349,Forest
2350,Forest
2351,Forest
2352,Forest
2353,Forest
2354,Forest
2355,Forest
2356,Forest
2357,Forest
2358,Forest
2359,Forest
2360,Forest
2361,Forest
2362,Forest
2363,Forest
2364,Forest
2365,Forest
2366,Forest
2367,Forest
2368,Forest
2369,Forest
2370,Forest
2371,Forest
2372,Forest
2373,Forest
2374,Forest
2375,Forest
2376,Forest
2377,Forest
2378,Forest
2379,Forest
2380,Forest
2381,Forest
2382,Forest
2383,Forest
2384,Forest
2385,Forest
2386,Forest
2387,Forest
2388,Forest
2389,Forest
2390,Forest
2391,Forest
2392,Forest
2393,Forest
2394,Forest
2395,Forest
2396,Forest
2397,Forest
2398,Forest
2399,Forest
2400,Forest
2401,Forest
2402,Forest
2403,Forest
2404,Forest
2405,Forest
2406,Forest
2407,Forest
2408,Forest
2409,Forest
2410,Forest
2411,Forest
2412,Forest
2413,Forest
2414,Forest
2415,Forest
2416,Forest
2417,Forest
2418,Forest
2419,Forest
2420,Forest
2421,Forest
2422,Forest
2423,Forest
2424,Forest
2425,Forest
2426,Forest
2427,Forest
2428,Farm
2429,Forest
2430,Forest
2431,Forest
2432,Forest
2433,Forest
2434,Forest
2435,Forest
2436,Forest
2437,Forest
2438,Forest
2439,Forest
2440,Forest
2441,Forest
2442,Forest
2443,Forest
2444,Farm
2445,Forest
2446,Forest
2447,Forest
2448,Forest
2449,Forest
2450,Forest
2451,Forest
2452,Forest
2453,Forest
2454,Forest
2455,Forest
2456,Forest
2457,Forest
2458,Forest
2459,Forest
2460,Forest
2461,Forest
2462,Forest
2463,Forest
2464,Forest
2465,Forest
2466,Forest
2467,Forest
2468,Farm
2469,Forest
2470,Forest
2471,Forest
2472,Forest
2473,Forest
2474,Forest
2475,Forest
2476,Forest
2477,Forest
2478,Forest
2479,Forest
2480,Forest
2481,Forest
2482,Forest
2483,Forest
2484,Forest
2485,Forest
2486,Forest
2487,Forest
2488,Forest
2489,Forest
2490,Forest
2491,Farm
2492,Forest
2493,Forest
2494,Forest
2495,Forest
2496,Forest
2497,Forest
2498,Forest
2499,Forest
2500,Forest
2501,Forest
2502,Forest
2503,Forest
2504,Forest
2505,Forest
2506,Forest
2507,Forest
2508,Forest
2509,Forest
2510,Forest
2511,Forest
2512,Forest
2513,Forest
2514,Forest
2515,Forest
2516,Forest
2517,Forest
2518,Forest
2519,Forest
2520,Forest
2521,Forest
2522,Forest
2523,Forest
2524,Forest
2525,Forest
2526,Forest
2527,Forest
2528,Forest
2529,Forest
2530,Forest
2531,Forest
2532,Forest
2533,Farm
2534,Forest
2535,Forest
2536,Forest
2537,Forest
2538,Forest
2539,Forest
2540,Forest
2541,Forest
2542,Forest
2543,Forest
2544,Forest
2545,Forest
2546,Water
2547,Impervious
2548,Water
2549,Water
2550,Impervious
2551,Water
2552,Farm
2553,Impervious
2554,Impervious
2555,Impervious
2556,Impervious
2557,Water
2558,Water
2559,Water
2560,Forest
2561,Forest
2562,Forest
2563,Forest
2564,Forest
2565,Forest
2566,Forest
2567,Forest
2568,Farm
2569,Forest
2570,Forest
2571,Forest
2572,Forest
2573,Forest
2574,Forest
2575,Forest
2576,Forest
2577,Forest
2578,Forest
2579,Forest
2580,Forest
2581,Forest
2582,Forest
2583,Forest
2584,Forest
2585,Forest
2586,Forest
2587,Farm
2588,Forest
2589,Forest
2590,Water
2591,Forest
2592,Water
2593,Farm
2594,Forest
2595,Forest
2596,Forest
2597,Forest
2598,Forest
2599,Forest
2600,Water
2601,Farm
2602,Forest
2603,Forest
2604,Forest
2605,Forest
2606,Forest
2607,Forest
2608,Forest
2609,Forest
2610,Forest
2611,Forest
2612,Forest
2613,Forest
2614,Forest
2615,Forest
2616,Forest
2617,Forest
2618,Forest
2619,Impervious
2620,Water
2621,Water
2622,Forest
2623,Forest
2624,Forest
2625,Impervious
2626,Farm
2627,Forest
2628,Impervious
2629,Impervious
2630,Impervious
2631,Impervious
2632,Forest
2633,Impervious
2634,Impervious
2635,Impervious
2636,Impervious
2637,Impervious
2638,Impervious
2639,Forest
2640,Forest
2641,Forest
2642,Impervious
2643,Impervious
2644,Impervious
2645,Impervious
2646,Forest
2647,Farm
2648,Forest
2649,Farm
2650,Forest
2651,Impervious
2652,Impervious
2653,Impervious
2654,Forest
2655,Impervious
2656,Forest
2657,Impervious
2658,Farm
2659,Forest
2660,Impervious
2661,Forest
2662,Forest
2663,Forest
2664,Forest
2665,Forest
2666,Farm
2667,Forest
2668,Forest
2669,Farm
2670,Forest
2671,Forest
2672,Forest
2673,Farm
2674,Forest
2675,Farm
2676,Forest
2677,Forest
2678,Farm
2679,Forest
2680,Forest
2681,Forest
2682,Forest
2683,Forest
2684,Farm
2685,Forest
2686,Forest
2687,Impervious
2688,Forest
2689,Farm
2690,Farm
2691,Forest
2692,Forest
2693,Forest
2694,Forest
2695,Forest
2696,Forest
2697,Forest
2698,Forest
2699,Impervious
2700,Forest
2701,Farm
2702,Forest
2703,Forest
2704,Forest
2705,Forest
2706,Forest
2707,Farm
2708,Farm
2709,Farm
2710,Farm
2711,Impervious
2712,Impervious
2713,Impervious
2714,Impervious
2715,Forest
2716,Farm
2717,Forest
2718,Forest
2719,Forest
2720,Forest
2721,Forest
2722,Forest
2723,Farm
2724,Forest
2725,Forest
2726,Forest
2727,Forest
2728,Forest
2729,Forest
2730,Forest
2731,Forest
2732,Forest
2733,Forest
2734,Forest
2735,Forest
2736,Forest
2737,Forest
2738,Forest
2739,Forest
2740,Forest
2741,Forest
2742,Forest
2743,Forest
2744,Forest
2745,Forest
2746,Farm
2747,Forest
2748,Forest
2749,Forest
2750,Forest
2751,Forest
2752,Forest
2753,Impervious
2754,Farm
2755,Impervious
2756,Forest
2757,Forest
2758,Forest
2759,Forest
2760,Forest
2761,Farm
2762,Impervious
2763,Forest
2764,Farm
2765,Impervious
2766,Impervious
2767,Impervious
2768,Forest
2769,Impervious
2770,Forest
2771,Impervious
2772,Forest
2773,Farm
2774,Farm
2775,Impervious
2776,Forest
2777,Forest
2778,Forest
2779,Forest
2780,Forest
2781,Forest
2782,Grass
2783,Forest
2784,Forest
2785,Forest
2786,Forest
2787,Forest
2788,Forest
2789,Forest
2790,Forest
2791,Forest
2792,Forest
2793,Forest
2794,Forest
2795,Forest
2796,Forest
2797,Forest
2798,Forest
2799,Forest
2800,Forest
2801,Forest
2802,Forest
2803,Farm
2804,Forest
2805,Forest
2806,Forest
2807,Forest
2808,Forest
2809,Forest
2810,Forest
2811,Forest
2812,Forest
2813,Forest
2814,Forest
2815,Forest
2816,Forest
2817,Forest
2818,Forest
2819,Forest
2820,Forest
2821,Impervious
2822,Impervious
2823,Forest
2824,Water
2825,Water
2826,Water
2827,Water
2828,Water
2829,Water
2830,Water
2831,Water
2832,Water
2833,Water
2834,Water
2835,Water
2836,Water
2837,Water
2838,Water
2839,Water
2840,Water
2841,Water
2842,Water
2843,Water
2844,Water
2845,Water
